"date","ARDA","BROW","CAMP","CASU","COOM","CORR","COYR","DULB","DUMB","FLAG","GOUN","GUND","KOND","KWOB","LITT","MART","MEAR","MIRI","MTMA","NOON","PARK","QUEE","REDB","TAAN","TAAR","TOOL","WALB","WARG","WEST","WHIN","WHIW","YEAL"
1988-09-11,NA,NA,NA,NA,NA,NA,NA,NA,NA,NA,NA,NA,NA,NA,NA,NA,NA,NA,NA,NA,NA,NA,NA,NA,NA,NA,NA,NA,NA,NA,0.09,1.97
1988-09-12,NA,0.64,NA,1.45,NA,0.86,NA,NA,NA,1.36,0.34,NA,0.31,NA,NA,1.34,NA,NA,NA,NA,NA,2.13,NA,NA,NA,NA,NA,1.23,0.98,NA,NA,NA
1988-09-13,NA,NA,0.5,NA,NA,NA,2.44,0.92,3.33,NA,NA,2.15,NA,1.22,0.98,NA,0.44,NA,0.08,0.42,2.02,NA,NA,NA,0.2,0.8,0.94,NA,NA,NA,NA,NA
1988-11-06,NA,0.42,0.27,NA,NA,NA,NA,0.76,NA,NA,NA,NA,NA,NA,0.83,NA,NA,NA,0,0.27,NA,NA,NA,NA,0,0.6,0.83,NA,NA,NA,0,1.79
1988-11-07,NA,NA,NA,NA,NA,NA,NA,NA,3.19,NA,NA,1.88,NA,NA,NA,NA,NA,NA,NA,NA,1.76,NA,NA,NA,NA,NA,NA,NA,NA,NA,NA,NA
1988-11-10,NA,NA,NA,NA,NA,NA,NA,NA,NA,1.24,NA,NA,NA,NA,NA,1.22,NA,NA,NA,NA,NA,NA,NA,NA,NA,NA,NA,1.04,0.84,NA,NA,NA
1988-11-11,NA,NA,NA,0.96,NA,0.52,2.2,NA,NA,NA,0.14,NA,0,1.07,NA,NA,0.29,NA,NA,NA,NA,NA,NA,NA,NA,NA,NA,NA,NA,NA,NA,NA
1989-09-10,NA,0.97,NA,NA,NA,NA,NA,NA,NA,NA,NA,NA,NA,NA,NA,NA,NA,NA,NA,NA,NA,NA,NA,NA,NA,NA,NA,NA,NA,NA,0.07,1.78
1989-09-11,NA,NA,NA,1.26,NA,1.37,1.78,NA,NA,0.71,1.97,NA,0.65,0.5,NA,1.01,NA,NA,NA,NA,NA,NA,NA,NA,NA,NA,NA,1.16,0.63,NA,NA,NA
1989-09-13,NA,NA,1.62,NA,NA,NA,NA,NA,NA,NA,NA,NA,NA,NA,NA,NA,1.25,NA,0.81,1.28,NA,NA,NA,NA,NA,NA,NA,NA,NA,NA,NA,NA
1989-09-14,NA,NA,NA,NA,NA,NA,NA,NA,2.47,NA,NA,1.56,NA,NA,NA,NA,NA,NA,NA,NA,1.29,NA,NA,NA,NA,NA,NA,NA,NA,NA,NA,NA
1989-09-15,NA,NA,NA,NA,NA,NA,NA,0,NA,NA,NA,NA,NA,NA,0.4,NA,NA,NA,NA,NA,NA,NA,NA,NA,0,0,0.24,NA,NA,NA,NA,NA
1989-11-06,NA,0.75,NA,NA,NA,1.11,NA,NA,NA,NA,NA,NA,NA,NA,NA,NA,NA,NA,NA,NA,NA,NA,NA,NA,NA,NA,NA,NA,NA,NA,0,1.59
1989-11-07,NA,NA,NA,NA,NA,NA,NA,NA,NA,NA,1.72,NA,0.48,NA,NA,NA,NA,NA,NA,NA,NA,NA,NA,NA,NA,NA,NA,NA,NA,NA,NA,NA
1989-11-08,NA,NA,NA,0.95,NA,NA,1.65,NA,NA,0.58,NA,NA,NA,0.35,NA,0.88,NA,NA,NA,NA,NA,NA,NA,NA,NA,NA,NA,1.04,0.52,NA,NA,NA
1989-11-10,NA,NA,1.27,NA,NA,NA,NA,0,2.32,NA,NA,1.4,NA,NA,0.2,NA,NA,NA,0.54,NA,1.15,NA,NA,NA,0,0,0,NA,NA,NA,NA,NA
1989-11-11,NA,NA,NA,NA,NA,NA,NA,NA,NA,NA,NA,NA,NA,NA,NA,NA,1,NA,NA,1.08,NA,NA,NA,NA,NA,NA,NA,NA,NA,NA,NA,NA
1990-01-13,NA,NA,NA,NA,NA,NA,NA,NA,NA,NA,NA,NA,NA,NA,NA,NA,NA,NA,NA,NA,NA,NA,NA,NA,NA,NA,NA,NA,0,NA,NA,NA
1990-09-09,NA,NA,0.49,NA,NA,NA,NA,NA,NA,NA,NA,NA,NA,NA,NA,NA,1.68,NA,0,1.11,NA,NA,NA,NA,NA,NA,NA,NA,NA,NA,NA,NA
1990-09-11,NA,1.64,NA,NA,NA,1.02,NA,0.84,NA,0.55,1.72,NA,2.6,NA,0.96,0.73,NA,NA,NA,NA,NA,NA,NA,NA,0.28,1.93,1.08,1.13,NA,NA,0.52,2.22
1990-09-12,NA,NA,NA,1.15,NA,NA,2.13,NA,NA,NA,NA,NA,NA,1.05,NA,NA,NA,NA,NA,NA,NA,NA,NA,NA,NA,NA,NA,NA,NA,NA,NA,NA
1990-09-14,NA,NA,NA,NA,NA,NA,NA,NA,2.64,NA,NA,2,NA,NA,NA,NA,NA,NA,NA,NA,1.5,NA,NA,NA,NA,NA,NA,NA,NA,NA,NA,NA
1990-09-15,NA,NA,NA,NA,NA,NA,NA,NA,NA,NA,NA,NA,NA,NA,NA,NA,NA,NA,NA,NA,NA,NA,NA,NA,NA,NA,NA,NA,0.93,NA,NA,NA
1990-11-03,NA,NA,NA,NA,NA,NA,NA,NA,NA,NA,NA,NA,NA,NA,NA,NA,1.52,NA,NA,0.98,NA,NA,NA,NA,NA,NA,NA,NA,NA,NA,NA,NA
1990-11-04,NA,NA,0.29,NA,NA,NA,NA,NA,NA,NA,NA,NA,NA,NA,NA,NA,NA,NA,0,NA,NA,NA,NA,NA,NA,NA,NA,NA,NA,NA,NA,NA
1990-11-05,NA,1.47,NA,NA,NA,NA,NA,NA,NA,NA,NA,NA,NA,NA,NA,NA,NA,NA,NA,NA,NA,NA,NA,NA,NA,NA,NA,NA,NA,NA,0.34,2.07
1990-11-06,NA,NA,NA,NA,NA,0.86,NA,NA,NA,NA,1.52,NA,2.31,NA,NA,NA,NA,NA,NA,NA,NA,NA,NA,NA,NA,NA,NA,NA,NA,NA,NA,NA
1990-11-08,NA,NA,NA,0.99,NA,NA,2,0.69,2.47,0.41,NA,1.82,NA,0.9,0.83,0.64,NA,NA,NA,NA,1.29,NA,NA,NA,0.03,1.88,0.91,1.02,0.81,NA,NA,NA
1991-09-17,NA,1.49,NA,NA,NA,NA,NA,NA,NA,0.38,NA,NA,NA,NA,NA,0.6,0.77,NA,NA,NA,NA,NA,NA,NA,NA,NA,NA,1.21,0.97,NA,0.14,1.32
1991-09-18,NA,NA,0.3,1.34,NA,0.74,2.02,0.85,NA,NA,0.53,NA,1.39,0.31,1.1,NA,NA,NA,0,0.27,NA,NA,NA,NA,0.34,1.16,1.01,NA,NA,NA,NA,NA
1991-09-20,NA,NA,NA,NA,NA,NA,NA,NA,1.76,NA,NA,1.8,NA,NA,NA,NA,NA,NA,NA,NA,1.05,NA,NA,NA,NA,NA,NA,NA,NA,NA,NA,NA
1991-11-02,NA,NA,NA,NA,NA,NA,NA,NA,NA,NA,NA,NA,NA,NA,NA,NA,NA,NA,0,NA,NA,NA,NA,NA,NA,NA,NA,NA,NA,NA,NA,NA
1991-11-03,NA,NA,0,NA,NA,NA,NA,NA,NA,NA,NA,NA,NA,NA,NA,NA,0.59,NA,NA,0,NA,NA,NA,NA,NA,NA,NA,NA,NA,NA,NA,NA
1991-11-07,NA,1.38,NA,0.97,NA,0.54,1.93,NA,NA,0.25,0.4,NA,1.23,0.16,NA,0.48,NA,NA,NA,NA,NA,NA,NA,NA,NA,NA,NA,1.01,0.9,NA,0.03,1.75
1991-11-08,NA,NA,NA,NA,NA,NA,NA,NA,1.75,NA,NA,NA,NA,NA,NA,NA,NA,NA,NA,NA,NA,NA,NA,NA,NA,NA,NA,NA,NA,NA,NA,NA
1991-11-09,NA,NA,NA,NA,NA,NA,NA,0.71,NA,NA,NA,1.62,NA,NA,0.94,NA,NA,NA,NA,NA,0.92,NA,NA,NA,0.14,1.03,0.91,NA,NA,NA,NA,NA
1992-05-19,NA,NA,NA,NA,NA,NA,NA,NA,NA,NA,NA,NA,NA,NA,NA,NA,NA,0.3,NA,NA,NA,NA,NA,NA,NA,NA,NA,NA,NA,NA,NA,NA
1992-09-16,NA,NA,NA,NA,NA,1.05,NA,0.89,NA,NA,NA,NA,NA,NA,NA,NA,NA,NA,NA,NA,NA,NA,NA,NA,0.38,1.88,1.07,NA,NA,NA,NA,2.37
1992-09-18,NA,NA,NA,1.8,NA,NA,2.6,NA,2.15,NA,NA,NA,NA,NA,NA,NA,NA,NA,NA,NA,NA,NA,NA,NA,NA,NA,NA,NA,NA,NA,NA,NA
1992-11-10,NA,NA,NA,NA,NA,1.05,NA,0.72,NA,NA,NA,NA,NA,NA,NA,NA,NA,NA,NA,NA,NA,NA,NA,NA,0.18,1.75,0.9,NA,NA,NA,NA,NA
1992-11-11,NA,NA,NA,1.14,NA,NA,2.32,NA,2.25,NA,NA,NA,NA,NA,NA,NA,NA,NA,NA,NA,NA,NA,NA,NA,NA,NA,NA,NA,NA,NA,NA,NA
1993-03-16,NA,NA,NA,NA,0.88,NA,NA,NA,NA,NA,NA,NA,NA,NA,NA,NA,NA,NA,NA,NA,NA,NA,NA,NA,NA,NA,NA,NA,NA,NA,NA,NA
1993-05-29,NA,NA,NA,NA,NA,NA,2.2,NA,NA,NA,NA,NA,NA,NA,NA,NA,NA,NA,NA,NA,NA,NA,NA,NA,NA,NA,NA,NA,NA,NA,NA,NA
1993-09-15,NA,NA,NA,NA,NA,NA,NA,0.85,NA,NA,NA,NA,NA,NA,NA,NA,NA,NA,NA,NA,NA,NA,NA,NA,0.47,1.81,0.97,NA,NA,NA,NA,NA
1993-09-16,NA,NA,NA,1.49,NA,NA,2.26,NA,2.85,NA,NA,NA,NA,NA,NA,NA,NA,NA,NA,NA,NA,NA,NA,NA,NA,NA,NA,NA,NA,NA,NA,NA
1993-09-17,NA,NA,NA,NA,NA,1.39,NA,NA,NA,NA,NA,NA,NA,NA,NA,NA,NA,NA,NA,NA,NA,NA,NA,NA,NA,NA,NA,NA,NA,NA,NA,2.25
1993-11-09,NA,NA,NA,NA,NA,1.21,NA,NA,NA,NA,NA,NA,NA,NA,NA,NA,NA,NA,NA,NA,NA,NA,NA,NA,NA,NA,NA,NA,NA,NA,NA,2.02
1993-11-10,NA,NA,NA,1.21,NA,NA,2.03,NA,NA,NA,NA,NA,NA,NA,NA,NA,NA,NA,NA,NA,NA,NA,NA,NA,NA,NA,NA,NA,NA,NA,NA,NA
1993-11-11,NA,NA,NA,NA,NA,NA,NA,0.69,2.75,NA,NA,NA,NA,NA,NA,NA,NA,NA,NA,NA,NA,NA,NA,NA,0.29,1.68,0.88,NA,NA,NA,NA,NA
1994-09-14,NA,NA,NA,NA,NA,1.27,NA,NA,NA,NA,NA,NA,NA,NA,NA,NA,NA,NA,NA,NA,NA,NA,NA,NA,NA,NA,NA,NA,NA,NA,NA,2.17
1994-09-15,NA,NA,NA,0.62,NA,NA,1.11,NA,NA,NA,NA,NA,NA,NA,NA,NA,NA,NA,NA,NA,NA,NA,NA,NA,NA,NA,NA,NA,NA,NA,NA,NA
1994-09-16,NA,NA,NA,NA,NA,NA,NA,0.82,1.8,NA,NA,NA,NA,NA,NA,NA,NA,NA,NA,NA,NA,NA,NA,NA,0.34,1.09,0.88,NA,NA,NA,NA,NA
1994-11-09,NA,NA,NA,NA,NA,1,NA,NA,NA,NA,NA,NA,NA,NA,NA,NA,NA,NA,NA,NA,NA,NA,NA,NA,NA,NA,NA,NA,NA,NA,NA,1.912
1994-11-10,NA,NA,NA,0.59,NA,NA,0.9,0.6,1.58,NA,NA,NA,NA,NA,NA,NA,NA,NA,NA,NA,NA,NA,NA,NA,0.07,0.88,0.68,NA,NA,NA,NA,NA
1995-09-11,NA,NA,NA,NA,NA,0.96,NA,NA,NA,NA,NA,NA,NA,NA,NA,NA,NA,NA,NA,NA,NA,NA,NA,NA,NA,NA,NA,NA,NA,NA,NA,1.902
1995-09-12,NA,NA,NA,0.2,NA,NA,0.32,0,0.95,NA,NA,NA,NA,NA,NA,NA,NA,NA,NA,NA,NA,NA,NA,NA,0.08,NA,0.2,NA,NA,NA,NA,NA
1995-11-08,NA,NA,NA,0.06,NA,NA,0.13,0,0.78,NA,NA,NA,NA,NA,NA,NA,NA,NA,NA,NA,NA,NA,NA,NA,0,0,0.26,NA,NA,NA,NA,1.88
1995-11-09,NA,NA,NA,NA,NA,0.98,NA,NA,NA,NA,NA,NA,NA,NA,NA,NA,NA,NA,NA,NA,NA,NA,NA,NA,NA,NA,NA,NA,NA,NA,NA,NA
1996-09-19,NA,NA,NA,NA,NA,1.135,NA,0.83,NA,NA,NA,NA,NA,NA,NA,NA,NA,NA,NA,NA,NA,NA,NA,NA,0.89,1.15,0.96,NA,NA,NA,NA,1.97
1996-09-21,NA,NA,NA,1.2,NA,NA,1.51,NA,1,NA,NA,NA,NA,NA,NA,NA,NA,NA,NA,NA,NA,NA,NA,NA,NA,NA,NA,NA,NA,NA,NA,NA
1996-11-05,NA,NA,NA,NA,NA,0.97,NA,NA,NA,NA,NA,NA,NA,NA,NA,NA,NA,NA,NA,NA,NA,NA,NA,NA,NA,NA,NA,NA,NA,NA,NA,1.725
1996-11-06,NA,NA,NA,1.06,NA,NA,1.47,0.7,0.96,NA,NA,NA,NA,NA,NA,NA,NA,NA,NA,NA,NA,NA,NA,NA,0.76,0.96,0.87,NA,NA,NA,NA,NA
1997-04-30,NA,NA,NA,NA,NA,NA,NA,NA,NA,NA,NA,NA,NA,NA,NA,NA,NA,NA,NA,NA,NA,NA,NA,NA,NA,0,NA,NA,NA,NA,NA,NA
1997-09-14,NA,NA,NA,NA,NA,NA,NA,NA,NA,0.57,NA,NA,NA,NA,NA,0.91,NA,NA,NA,0.07,0.77,NA,NA,NA,NA,NA,NA,NA,0.25,NA,NA,NA
1997-09-16,NA,NA,NA,NA,NA,NA,NA,NA,NA,NA,NA,NA,NA,NA,NA,NA,1.12,NA,NA,NA,NA,NA,NA,NA,NA,NA,NA,NA,NA,NA,NA,NA
1997-09-17,NA,NA,NA,NA,NA,0,NA,NA,NA,NA,NA,NA,NA,NA,NA,NA,NA,NA,NA,NA,NA,NA,NA,NA,NA,NA,NA,NA,NA,NA,NA,NA
1997-09-18,NA,NA,NA,1.29,1.08,NA,1.04,NA,0.67,NA,NA,NA,NA,NA,NA,NA,NA,NA,NA,NA,NA,NA,NA,NA,0.07,NA,0.36,NA,NA,NA,NA,NA
1997-09-19,NA,0.85,NA,NA,NA,NA,NA,0.89,NA,NA,NA,NA,NA,NA,0.42,NA,NA,NA,NA,NA,NA,NA,NA,NA,NA,0.6,NA,NA,NA,NA,0.7,1.49
1997-11-04,NA,NA,NA,NA,NA,NA,NA,NA,NA,0.4,NA,NA,NA,NA,NA,0.74,NA,NA,NA,NA,0.6,NA,NA,NA,NA,NA,NA,NA,0,NA,NA,NA
1997-11-06,NA,0.62,NA,NA,NA,NA,NA,0.69,0.51,NA,NA,NA,NA,NA,0.22,NA,0.88,NA,NA,NA,NA,NA,NA,NA,NA,NA,0.14,NA,NA,NA,0.5,0.79
1997-11-07,NA,NA,NA,0.94,0.852,NA,0.86,NA,NA,NA,NA,NA,NA,NA,NA,NA,NA,NA,NA,NA,NA,NA,NA,NA,NA,NA,NA,NA,NA,NA,NA,NA
1997-11-08,NA,NA,NA,NA,NA,0,NA,NA,NA,NA,NA,NA,NA,NA,NA,NA,NA,NA,NA,NA,NA,NA,NA,NA,NA,NA,NA,NA,NA,NA,NA,NA
1998-05-20,NA,NA,NA,NA,NA,NA,NA,NA,NA,NA,0.11,NA,NA,NA,NA,NA,NA,NA,NA,NA,NA,NA,NA,NA,NA,NA,NA,NA,NA,NA,NA,NA
1998-05-30,NA,NA,NA,NA,NA,NA,NA,NA,NA,NA,NA,NA,NA,NA,NA,NA,NA,NA,NA,NA,NA,NA,NA,NA,NA,NA,NA,NA,NA,NA,0,NA
1998-09-15,NA,NA,NA,NA,NA,0,NA,NA,NA,NA,NA,NA,NA,NA,NA,NA,NA,NA,NA,NA,NA,NA,NA,NA,NA,NA,NA,NA,NA,NA,NA,NA
1998-09-16,NA,NA,NA,1.35,1.49,NA,1.75,NA,0.93,NA,NA,NA,NA,NA,NA,NA,NA,NA,NA,NA,NA,NA,NA,NA,NA,NA,NA,NA,NA,NA,NA,NA
1998-09-17,NA,1.2,NA,NA,NA,NA,NA,0.9,NA,NA,NA,NA,NA,NA,1.05,NA,0.97,NA,NA,0.24,NA,NA,NA,NA,0.37,0.58,0.49,NA,NA,0.18,0.14,1.83
1998-09-18,NA,NA,NA,NA,NA,NA,NA,NA,NA,0.84,NA,NA,NA,NA,NA,1.11,NA,NA,NA,NA,1.43,NA,NA,NA,NA,NA,NA,NA,1.02,NA,NA,NA
1998-11-09,NA,NA,NA,NA,NA,0,NA,NA,NA,NA,NA,NA,NA,NA,NA,NA,0.7,NA,NA,NA,NA,NA,NA,NA,NA,NA,NA,NA,NA,NA,NA,1.6
1998-11-10,NA,0.98,NA,0.97,1.31,NA,1.66,0.7,0.84,NA,NA,NA,NA,NA,0.84,NA,NA,NA,NA,NA,NA,NA,NA,NA,0.26,0,0.32,NA,NA,0.02,NA,NA
1998-11-11,NA,NA,NA,NA,NA,NA,NA,NA,NA,NA,NA,NA,NA,NA,NA,NA,NA,NA,NA,0,NA,NA,NA,NA,NA,NA,NA,NA,NA,NA,NA,NA
1998-11-12,NA,NA,NA,NA,NA,NA,NA,NA,NA,0.67,NA,NA,NA,NA,NA,0.94,NA,NA,NA,NA,1.25,NA,NA,NA,NA,NA,NA,NA,0.85,NA,NA,NA
1999-05-08,NA,NA,1.85,NA,NA,NA,NA,NA,NA,NA,NA,NA,NA,NA,NA,NA,NA,NA,0,NA,NA,NA,NA,NA,NA,NA,NA,NA,NA,NA,NA,NA
1999-09-11,NA,NA,NA,NA,NA,NA,NA,NA,NA,NA,NA,NA,NA,NA,NA,NA,NA,NA,NA,1.25,NA,NA,NA,NA,NA,NA,NA,NA,NA,NA,NA,NA
1999-09-12,NA,1.4,NA,NA,NA,0.98,NA,0.89,0.59,NA,NA,NA,NA,NA,0.57,NA,NA,NA,NA,NA,NA,NA,NA,NA,0.3,0.6,0.41,NA,NA,0.09,0.2,1.91
1999-09-13,NA,NA,NA,NA,NA,NA,1.14,NA,NA,NA,NA,NA,NA,NA,NA,NA,NA,NA,NA,NA,NA,NA,NA,NA,NA,NA,NA,NA,NA,NA,NA,NA
1999-09-14,NA,NA,NA,1.2,1.15,NA,NA,NA,NA,NA,NA,NA,NA,NA,NA,NA,0.71,NA,NA,NA,NA,NA,NA,NA,NA,NA,NA,NA,NA,NA,NA,NA
1999-09-19,NA,NA,1.7,NA,NA,NA,NA,NA,NA,0.55,NA,NA,NA,NA,NA,0.54,NA,NA,NA,NA,0.68,NA,NA,NA,NA,NA,NA,NA,0.22,NA,NA,NA
1999-09-20,1.83,NA,NA,NA,NA,NA,NA,NA,NA,NA,NA,NA,NA,NA,NA,NA,NA,NA,NA,NA,NA,NA,NA,NA,NA,NA,NA,NA,NA,NA,NA,NA
1999-11-08,NA,1.25,NA,NA,NA,NA,NA,NA,NA,NA,NA,NA,NA,NA,NA,NA,0.5,NA,NA,NA,NA,NA,NA,NA,NA,NA,NA,NA,NA,NA,0.04,1.77
1999-11-09,1.595,NA,1.47,NA,NA,0.78,NA,NA,NA,NA,NA,NA,NA,NA,NA,NA,NA,NA,NA,1.06,NA,NA,NA,NA,NA,NA,NA,NA,NA,NA,NA,NA
1999-11-10,NA,NA,NA,0.99,0.93,NA,NA,0.72,0.49,0.44,NA,NA,NA,NA,0.44,0.46,NA,NA,NA,NA,0.56,NA,NA,NA,0.19,0,0.28,NA,0.11,0,NA,NA
1999-11-11,NA,NA,NA,NA,NA,NA,1.01,NA,NA,NA,NA,NA,NA,NA,NA,NA,NA,NA,NA,NA,NA,NA,NA,NA,NA,NA,NA,NA,NA,NA,NA,NA
2000-04-04,NA,NA,NA,NA,NA,NA,NA,NA,NA,NA,NA,NA,NA,0,NA,NA,NA,NA,NA,NA,NA,NA,NA,NA,NA,NA,NA,NA,NA,NA,NA,NA
2000-04-09,NA,NA,NA,NA,NA,NA,NA,NA,NA,NA,NA,NA,3.25,NA,NA,NA,NA,NA,NA,NA,NA,NA,NA,NA,NA,NA,NA,NA,NA,NA,NA,NA
2000-05-11,NA,NA,0.94,NA,NA,NA,NA,NA,NA,NA,NA,NA,NA,NA,NA,NA,NA,NA,NA,NA,NA,NA,NA,NA,NA,NA,NA,NA,NA,NA,NA,NA
2000-05-12,1.28,NA,NA,NA,NA,NA,NA,NA,NA,NA,NA,NA,NA,NA,NA,NA,2.91,NA,NA,NA,NA,NA,NA,NA,NA,NA,NA,NA,NA,NA,NA,NA
2000-09-11,NA,NA,NA,NA,NA,NA,NA,NA,NA,NA,NA,NA,NA,NA,0.3,NA,NA,NA,NA,NA,NA,NA,NA,NA,0,0,0.26,NA,NA,0.01,NA,NA
2000-09-12,NA,NA,NA,0.85,0.98,NA,0.51,0.76,0.45,NA,NA,NA,NA,NA,NA,NA,NA,NA,NA,NA,0.5,NA,NA,NA,NA,NA,NA,NA,NA,NA,NA,NA
2000-09-13,NA,NA,NA,NA,NA,NA,NA,NA,NA,0.51,NA,NA,NA,NA,NA,0.5,NA,NA,NA,NA,NA,NA,NA,NA,NA,NA,NA,NA,0.18,NA,NA,NA
2000-09-14,NA,1.5,NA,NA,NA,0.97,NA,NA,NA,NA,NA,NA,NA,NA,NA,NA,NA,NA,NA,NA,NA,NA,NA,NA,NA,NA,NA,NA,NA,NA,1.41,1.7
2000-09-15,1.23,NA,0.77,NA,NA,NA,NA,NA,NA,NA,NA,NA,NA,NA,NA,NA,1.85,NA,NA,0.9,NA,NA,0.01,NA,NA,NA,NA,NA,NA,NA,NA,NA
2000-11-06,0.89,NA,NA,NA,NA,NA,NA,NA,NA,NA,NA,NA,NA,NA,NA,NA,1.62,NA,NA,NA,NA,NA,0,NA,NA,NA,NA,NA,NA,NA,NA,NA
2000-11-07,NA,NA,0.58,NA,NA,NA,NA,0.53,NA,NA,NA,NA,NA,NA,0,NA,NA,NA,NA,0.66,NA,NA,NA,NA,0,0,0,NA,NA,0,NA,NA
2000-11-08,NA,1.24,NA,0.77,0.72,NA,0.2,NA,0.35,0.3,NA,NA,NA,NA,NA,0.3,NA,NA,NA,NA,0.27,NA,NA,NA,NA,NA,NA,NA,NA,NA,1.15,1.45
2000-11-09,NA,NA,NA,NA,NA,0.71,NA,NA,NA,NA,NA,NA,NA,NA,NA,NA,NA,NA,NA,NA,NA,NA,NA,NA,NA,NA,NA,NA,0,NA,NA,NA
2001-02-13,0.02,NA,NA,NA,NA,NA,NA,NA,NA,NA,NA,NA,NA,NA,NA,NA,NA,NA,NA,NA,NA,NA,NA,NA,NA,NA,NA,NA,NA,NA,NA,NA
2001-04-02,NA,NA,0,NA,NA,NA,NA,NA,NA,NA,NA,NA,NA,NA,NA,NA,NA,NA,NA,NA,NA,NA,NA,NA,NA,NA,NA,NA,NA,NA,NA,NA
2001-09-11,NA,0.25,NA,NA,0.54,0,NA,0.88,0.37,NA,NA,NA,NA,NA,0.2,NA,NA,NA,NA,NA,NA,NA,NA,NA,0,0,0.21,NA,NA,0,0.08,1.16
2001-09-12,NA,NA,NA,0.7,NA,NA,0.48,NA,NA,0.31,NA,NA,NA,NA,NA,0.14,NA,NA,NA,NA,0.25,NA,NA,NA,NA,NA,NA,NA,0.05,NA,NA,NA
2001-09-14,1.28,NA,0.4,NA,NA,NA,NA,NA,NA,NA,NA,NA,NA,NA,NA,NA,NA,NA,NA,0.105,NA,NA,0.1,NA,NA,NA,NA,NA,NA,NA,NA,NA
2001-09-15,NA,NA,NA,NA,NA,NA,NA,NA,NA,NA,NA,NA,NA,NA,NA,NA,0.59,NA,NA,NA,NA,NA,NA,NA,NA,NA,NA,NA,NA,NA,NA,NA
2001-11-05,1.05,NA,0.23,NA,NA,NA,NA,NA,NA,NA,NA,NA,NA,NA,NA,NA,0.41,NA,NA,NA,NA,NA,0,NA,NA,NA,NA,NA,NA,NA,NA,NA
2001-11-06,NA,NA,NA,0.59,NA,NA,0.34,NA,NA,0.2,NA,NA,NA,NA,NA,0,NA,NA,NA,0,0.1,NA,NA,NA,NA,NA,NA,NA,0,NA,NA,NA
2001-11-07,NA,NA,NA,NA,0.42,NA,NA,0.68,0.24,NA,NA,NA,NA,NA,0,NA,NA,NA,NA,NA,NA,NA,NA,NA,0,0,0,NA,NA,0,NA,NA
2001-11-08,NA,0,NA,NA,NA,0,NA,NA,NA,NA,NA,NA,NA,NA,NA,NA,NA,NA,NA,NA,NA,NA,NA,NA,NA,NA,NA,NA,NA,NA,0,1
2002-02-11,NA,NA,NA,NA,NA,0,NA,NA,NA,NA,NA,NA,NA,NA,NA,NA,NA,NA,NA,NA,NA,NA,NA,NA,NA,NA,NA,NA,NA,NA,NA,NA
2002-02-17,NA,NA,NA,NA,NA,NA,NA,NA,NA,NA,NA,NA,NA,NA,NA,NA,NA,NA,NA,NA,NA,NA,NA,NA,NA,NA,NA,NA,NA,NA,NA,0.25
2002-09-14,NA,NA,0,NA,NA,NA,NA,NA,NA,NA,NA,NA,NA,NA,NA,NA,NA,NA,NA,NA,NA,NA,NA,NA,NA,NA,NA,NA,NA,NA,NA,NA
2002-09-16,NA,0,NA,NA,NA,0,NA,NA,NA,NA,NA,NA,NA,NA,NA,NA,NA,NA,NA,NA,NA,NA,NA,NA,NA,NA,NA,NA,NA,NA,0,0.15
2002-09-18,NA,NA,NA,NA,NA,NA,NA,NA,NA,0.34,NA,NA,NA,NA,NA,0.14,NA,NA,NA,NA,0.43,NA,NA,NA,NA,NA,NA,NA,0,NA,NA,NA
2002-09-19,NA,NA,NA,0.45,0.5,NA,0.27,0,0.37,NA,NA,NA,NA,NA,0.11,NA,NA,NA,NA,NA,NA,NA,NA,NA,0,0,0,NA,NA,0,NA,NA
2002-09-21,0,NA,NA,NA,NA,NA,NA,NA,NA,NA,NA,NA,NA,NA,NA,NA,0,NA,NA,0,NA,NA,0,NA,NA,NA,NA,NA,NA,NA,NA,NA
2002-11-04,0,0,0,NA,NA,0,NA,NA,NA,NA,NA,NA,NA,NA,NA,NA,NA,NA,NA,0,NA,NA,0,NA,NA,NA,NA,NA,NA,NA,0,0
2002-11-06,NA,NA,NA,0.3,0.32,NA,0,NA,0.29,NA,NA,NA,NA,NA,NA,NA,0,NA,NA,NA,NA,NA,NA,NA,NA,NA,NA,NA,NA,NA,NA,NA
2002-11-07,NA,NA,NA,NA,NA,NA,NA,NA,NA,0.18,NA,NA,NA,NA,NA,0.025,NA,NA,NA,NA,0.27,NA,NA,NA,NA,NA,NA,NA,0,NA,NA,NA
2002-11-08,NA,NA,NA,NA,NA,NA,NA,0,NA,NA,NA,NA,NA,NA,0,NA,NA,NA,NA,NA,NA,NA,NA,NA,0,0,0,NA,NA,0,NA,NA
2003-09-13,NA,0.66,NA,NA,NA,1.5,NA,NA,NA,NA,NA,NA,NA,NA,NA,NA,NA,NA,NA,NA,NA,NA,NA,NA,NA,NA,NA,NA,NA,NA,0.05,1.65
2003-09-15,NA,NA,NA,NA,NA,NA,NA,0.92,NA,NA,NA,NA,NA,NA,NA,NA,1.51,NA,NA,NA,NA,NA,NA,NA,NA,0,NA,NA,0.58,NA,NA,NA
2003-09-16,NA,NA,NA,0.52,0.7,NA,0.54,NA,NA,0.48,NA,NA,NA,NA,0.5,0.52,NA,NA,NA,NA,0.51,NA,NA,NA,0.34,NA,0.27,NA,NA,-0.03,NA,NA
2003-09-17,1.29,NA,0.8,NA,NA,NA,NA,NA,0.46,NA,NA,NA,NA,NA,NA,NA,NA,NA,NA,0.27,NA,NA,0.09,NA,NA,NA,NA,NA,NA,NA,NA,NA
2003-11-03,NA,NA,NA,NA,NA,NA,NA,0.8,NA,NA,NA,NA,NA,NA,0.37,NA,NA,NA,NA,NA,NA,NA,NA,NA,0.2,0,0.23,NA,NA,0,NA,NA
2003-11-04,NA,NA,NA,NA,NA,NA,NA,NA,NA,NA,NA,NA,NA,NA,NA,NA,NA,NA,NA,NA,NA,NA,NA,NA,NA,NA,NA,NA,0.49,NA,NA,NA
2003-11-05,NA,NA,NA,NA,NA,NA,NA,NA,NA,0.4,NA,NA,NA,NA,NA,0.44,NA,NA,NA,NA,0.41,NA,NA,NA,NA,NA,NA,NA,NA,NA,NA,NA
2003-11-06,NA,NA,NA,NA,NA,NA,0.8,NA,NA,NA,NA,NA,NA,NA,NA,NA,NA,NA,NA,NA,NA,NA,NA,NA,NA,NA,NA,NA,NA,NA,NA,NA
2003-11-07,NA,NA,0.63,0.94,0.58,NA,NA,NA,0.34,NA,NA,NA,NA,NA,NA,NA,NA,NA,NA,0,NA,NA,NA,NA,NA,NA,NA,NA,NA,NA,NA,NA
2003-11-08,0.99,0.41,NA,NA,NA,1.3,NA,NA,NA,NA,NA,NA,NA,NA,NA,NA,1.29,NA,NA,NA,NA,NA,0,NA,NA,NA,NA,NA,NA,NA,0,1.44
2004-09-15,1.21,NA,0.53,1.2,1,0.1,0.64,NA,0.49,0.64,NA,NA,NA,NA,NA,0.45,NA,NA,NA,0,0.79,NA,0,NA,NA,NA,NA,NA,0.74,NA,NA,NA
2004-09-16,NA,0.07,NA,NA,NA,NA,NA,0,NA,NA,NA,NA,NA,NA,0.54,NA,0.3,NA,NA,NA,NA,NA,NA,-0.01,0,0,0.22,NA,NA,-0.02,0,0.55
2004-11-09,NA,NA,NA,NA,NA,NA,NA,0,NA,NA,NA,NA,NA,NA,0.34,NA,NA,NA,NA,NA,NA,NA,NA,0.11,0,0,0,NA,NA,0,NA,NA
2004-11-12,NA,NA,NA,NA,NA,NA,NA,NA,NA,NA,NA,NA,NA,NA,NA,NA,NA,NA,NA,0,NA,NA,NA,NA,NA,NA,NA,NA,0.58,NA,NA,NA
2004-11-13,0.85,0,0.41,0.9,0.87,0,0.42,NA,0.39,0.45,NA,NA,NA,NA,NA,0.26,0,NA,NA,NA,0.61,NA,0,NA,NA,NA,NA,NA,NA,NA,0,NA
2005-06-13,NA,NA,NA,NA,NA,NA,NA,NA,2.13,NA,NA,NA,NA,NA,NA,NA,NA,NA,NA,NA,NA,NA,NA,NA,NA,NA,NA,NA,NA,NA,NA,NA
2005-07-06,NA,NA,NA,NA,NA,NA,NA,NA,2.48,NA,NA,NA,NA,NA,NA,NA,NA,NA,NA,NA,NA,NA,NA,NA,NA,NA,NA,NA,NA,NA,NA,NA
2005-09-12,NA,1.56,NA,NA,NA,1.28,NA,0.88,NA,NA,NA,NA,NA,NA,NA,NA,NA,NA,NA,NA,NA,NA,NA,0.31,NA,0,0.83,NA,NA,NA,0.2,2.05
2005-09-13,NA,NA,NA,1.3,1.5,NA,2.43,NA,2.72,1.58,NA,NA,NA,NA,0.72,1.49,NA,NA,NA,NA,1.5,NA,NA,NA,0.33,NA,NA,NA,NA,0.06,NA,NA
2005-09-14,NA,NA,0.5,NA,NA,NA,NA,NA,NA,NA,NA,NA,NA,NA,NA,NA,NA,NA,NA,0.1,NA,NA,NA,NA,NA,NA,NA,NA,1.01,NA,NA,NA
2005-09-15,1.18,NA,NA,NA,NA,NA,NA,NA,NA,NA,NA,NA,NA,NA,NA,NA,1,NA,NA,NA,NA,NA,0.08,NA,NA,NA,NA,NA,NA,NA,NA,NA
2005-11-07,NA,1.37,NA,NA,NA,1.18,NA,0.71,NA,NA,NA,NA,NA,NA,NA,NA,0.82,NA,NA,NA,NA,NA,NA,0.17,NA,0,0.69,NA,NA,NA,0,1.84
2005-11-08,NA,NA,NA,0.97,1.32,NA,2.25,NA,2.6,1.45,NA,NA,NA,NA,0.56,1.37,NA,NA,NA,NA,1.35,NA,NA,NA,0.13,NA,NA,NA,NA,0,NA,NA
2005-11-09,NA,NA,NA,NA,NA,NA,NA,NA,NA,NA,NA,NA,NA,NA,NA,NA,NA,NA,NA,NA,NA,NA,NA,NA,NA,NA,NA,NA,0.86,NA,NA,NA
2005-11-10,0.92,NA,0.15,NA,NA,NA,NA,NA,NA,NA,NA,NA,NA,NA,NA,NA,NA,NA,NA,0,NA,NA,0,NA,NA,NA,NA,NA,NA,NA,NA,NA
2006-01-17,1.28,NA,NA,NA,NA,1.75,NA,NA,NA,NA,NA,NA,NA,NA,NA,NA,2.76,NA,NA,NA,NA,NA,0.14,NA,NA,NA,NA,NA,NA,NA,NA,NA
2006-01-18,NA,2.12,NA,NA,1.47,NA,NA,1.24,2.38,NA,NA,NA,NA,NA,0.63,NA,NA,NA,NA,NA,NA,NA,NA,0.31,0.13,0.96,1.15,NA,NA,0.09,1.85,2.42
2006-01-19,NA,NA,NA,0.64,NA,NA,1.91,NA,NA,NA,NA,NA,NA,NA,NA,NA,NA,NA,NA,NA,NA,NA,NA,NA,NA,NA,NA,NA,NA,NA,NA,NA
2006-03-13,NA,1.78,NA,NA,NA,1.37,NA,NA,NA,NA,NA,NA,NA,NA,NA,NA,2.12,NA,NA,NA,NA,NA,NA,NA,NA,NA,NA,NA,NA,NA,1.7,1.87
2006-03-14,NA,NA,NA,NA,1.12,NA,NA,0.7,2.09,NA,NA,NA,NA,NA,NA,NA,NA,NA,NA,NA,NA,NA,NA,NA,NA,0.69,0.8,NA,NA,NA,NA,NA
2006-03-30,NA,NA,0.39,NA,NA,NA,NA,NA,NA,NA,NA,NA,NA,NA,NA,NA,NA,NA,NA,NA,NA,NA,NA,NA,NA,NA,NA,NA,NA,NA,NA,NA
2006-04-04,NA,NA,NA,NA,1.05,NA,NA,NA,2,NA,NA,NA,NA,NA,NA,NA,NA,NA,NA,NA,NA,NA,NA,NA,NA,NA,NA,NA,NA,NA,NA,NA
2006-04-05,NA,NA,NA,0.25,NA,NA,1.52,NA,NA,NA,NA,NA,NA,NA,NA,NA,NA,NA,NA,NA,0.54,NA,NA,NA,NA,NA,NA,NA,NA,NA,NA,NA
2006-04-06,NA,NA,NA,NA,NA,NA,NA,0.58,NA,NA,NA,NA,NA,NA,NA,NA,NA,NA,NA,NA,NA,NA,NA,0.33,NA,NA,NA,NA,NA,NA,NA,NA
2006-09-10,NA,1.49,NA,NA,NA,1.14,NA,NA,NA,NA,NA,NA,NA,NA,NA,NA,NA,NA,NA,NA,NA,NA,NA,NA,NA,NA,NA,NA,NA,NA,1.42,1.68
2006-09-11,NA,NA,NA,0.25,1.08,NA,1.42,NA,1.84,NA,NA,NA,NA,NA,NA,NA,NA,NA,NA,NA,0.63,NA,NA,NA,NA,NA,NA,NA,NA,NA,NA,NA
2006-09-12,NA,NA,NA,NA,NA,NA,NA,NA,NA,0.66,NA,NA,NA,NA,NA,0.59,NA,NA,NA,NA,NA,NA,NA,NA,NA,NA,NA,NA,0.19,NA,NA,NA
2006-09-13,1.26,NA,0.48,NA,NA,NA,NA,NA,NA,NA,NA,NA,NA,NA,NA,NA,NA,NA,NA,NA,NA,NA,0.05,NA,NA,NA,NA,NA,NA,NA,NA,NA
2006-09-14,NA,NA,NA,NA,NA,NA,NA,0,NA,NA,NA,NA,NA,NA,0.13,NA,1.92,NA,NA,NA,NA,NA,NA,0.18,0,0,0.62,NA,NA,0,NA,NA
2006-11-04,NA,NA,NA,NA,NA,NA,NA,0,NA,NA,NA,NA,NA,NA,0,NA,NA,NA,NA,NA,NA,NA,NA,0,0,0,NA,NA,NA,0,NA,NA
2006-11-06,NA,1.27,NA,NA,NA,0.9,NA,NA,NA,NA,NA,NA,NA,NA,NA,NA,NA,NA,NA,NA,NA,NA,NA,NA,NA,NA,NA,NA,NA,NA,1.2,1.45
2006-11-07,NA,NA,NA,NA,NA,NA,NA,NA,NA,NA,NA,NA,NA,NA,NA,NA,NA,NA,NA,0,NA,NA,NA,NA,NA,NA,NA,NA,NA,NA,NA,NA
2006-11-08,0.88,NA,0.37,NA,NA,NA,NA,NA,NA,0.45,NA,NA,NA,NA,NA,0.35,1.69,NA,NA,NA,NA,NA,0,NA,NA,NA,NA,NA,0,NA,NA,NA
2006-11-09,NA,NA,NA,0,0.82,NA,1.19,NA,1.65,NA,NA,NA,NA,NA,NA,NA,NA,NA,NA,NA,0.34,NA,NA,NA,NA,NA,0.4,NA,NA,NA,NA,NA
2007-03-26,NA,0.27,NA,NA,NA,NA,NA,NA,NA,NA,NA,NA,NA,NA,NA,NA,0.7,NA,NA,NA,NA,NA,NA,NA,NA,NA,NA,NA,NA,NA,0.2,0.49
2007-03-27,NA,NA,NA,NA,NA,NA,0.28,NA,NA,NA,NA,NA,NA,NA,NA,NA,NA,NA,NA,NA,NA,NA,NA,NA,NA,NA,NA,NA,NA,NA,NA,NA
2007-03-28,NA,NA,NA,NA,NA,NA,NA,NA,0.81,NA,NA,NA,NA,NA,NA,NA,NA,NA,NA,NA,NA,NA,NA,NA,NA,NA,NA,NA,NA,NA,NA,NA
2007-04-01,0,NA,NA,NA,NA,0,NA,NA,NA,NA,NA,NA,NA,NA,0,NA,NA,NA,NA,NA,NA,NA,0,NA,0,0,0,NA,NA,0,NA,NA
2007-04-02,NA,NA,NA,NA,NA,NA,NA,NA,NA,NA,NA,NA,NA,NA,NA,NA,NA,NA,NA,0,NA,NA,NA,NA,NA,NA,NA,NA,NA,NA,NA,NA
2007-05-04,NA,NA,NA,NA,NA,NA,NA,NA,NA,1.11,NA,NA,NA,NA,NA,0,NA,NA,NA,NA,NA,NA,NA,NA,NA,NA,NA,NA,0,NA,NA,NA
2007-09-10,NA,NA,NA,NA,NA,NA,NA,NA,NA,0.28,NA,NA,NA,NA,NA,0.23,NA,NA,NA,NA,0.4,NA,NA,NA,NA,NA,NA,NA,0.16,NA,NA,NA
2007-09-11,NA,0.32,NA,0.48,0.36,NA,0.43,0.47,0.76,NA,NA,NA,NA,NA,0.2,NA,0.61,NA,NA,NA,NA,NA,NA,0.19,0,0,0.15,NA,NA,0,0.11,1.27
2007-09-12,0.1,NA,0,NA,NA,0,NA,NA,NA,NA,NA,NA,NA,NA,NA,NA,NA,NA,NA,0.105,NA,NA,0,NA,NA,NA,NA,NA,NA,NA,NA,NA
2007-11-03,0,0.19,0,NA,NA,0,NA,0,NA,NA,NA,NA,NA,NA,0,NA,0.47,NA,NA,0,NA,NA,0,0,0,0,0,NA,NA,0,0,1.09
2007-11-04,NA,NA,NA,NA,NA,NA,NA,NA,0.64,0.26,NA,NA,NA,NA,NA,0.2,NA,NA,NA,NA,0.33,NA,NA,NA,NA,NA,NA,NA,0.06,NA,NA,NA
2007-11-05,NA,NA,NA,0.48,0.28,NA,0.51,NA,NA,NA,NA,NA,NA,NA,NA,NA,NA,NA,NA,NA,NA,NA,NA,NA,NA,NA,NA,NA,NA,NA,NA,NA
2008-07-14,NA,NA,NA,NA,NA,NA,0.33,NA,NA,NA,NA,NA,NA,NA,NA,NA,NA,NA,NA,NA,NA,NA,NA,NA,NA,NA,NA,NA,NA,NA,NA,NA
2008-07-18,NA,NA,NA,NA,NA,NA,NA,NA,NA,0.46,NA,NA,NA,NA,NA,0.27,NA,NA,NA,NA,0.38,NA,NA,NA,NA,NA,NA,NA,0.15,NA,NA,NA
2008-09-13,NA,NA,NA,NA,NA,NA,NA,0.84,NA,NA,NA,NA,NA,NA,0.58,NA,NA,NA,NA,NA,NA,NA,NA,0.28,0.3,0,0.45,NA,NA,-0.025,NA,NA
2008-09-14,1.13,1.08,NA,NA,NA,0,NA,NA,NA,NA,NA,NA,NA,NA,NA,NA,0.145,NA,NA,NA,NA,NA,0.01,NA,NA,NA,NA,NA,NA,NA,0.02,1.88
2008-09-19,NA,NA,0.36,0.98,0.87,NA,0.78,NA,0.65,0.83,NA,NA,NA,NA,NA,0.68,NA,NA,NA,0.105,0.85,NA,NA,NA,NA,NA,NA,NA,0.92,NA,NA,NA
2008-11-03,NA,NA,NA,NA,NA,NA,NA,0.79,NA,NA,NA,NA,NA,NA,0.5,NA,NA,NA,NA,NA,NA,NA,NA,0.25,0.26,0,0.39,NA,NA,-0.025,NA,NA
2008-11-04,1.13,0.96,NA,NA,NA,0,NA,NA,NA,NA,NA,NA,NA,NA,NA,NA,0.145,NA,NA,NA,NA,NA,0,NA,NA,NA,NA,NA,NA,NA,0,1.78
2008-11-06,NA,NA,0,NA,NA,NA,NA,NA,NA,NA,NA,NA,NA,NA,NA,NA,NA,NA,NA,NA,NA,NA,NA,NA,NA,NA,NA,NA,NA,NA,NA,NA
2008-11-07,NA,NA,NA,NA,NA,NA,NA,NA,NA,NA,NA,NA,NA,NA,NA,NA,NA,NA,NA,0.1,NA,NA,NA,NA,NA,NA,NA,NA,NA,NA,NA,NA
2008-11-08,NA,NA,NA,0.89,NA,NA,0.71,NA,NA,NA,NA,NA,NA,NA,NA,NA,NA,NA,NA,NA,NA,NA,NA,NA,NA,NA,NA,NA,NA,NA,NA,NA
2008-11-09,NA,NA,NA,NA,0.83,NA,NA,NA,0.54,0.75,NA,NA,NA,NA,NA,0.58,NA,NA,NA,NA,0.77,NA,NA,NA,NA,NA,NA,NA,0.8,NA,NA,NA
2009-05-09,NA,NA,NA,NA,0.66,NA,NA,NA,0.175,NA,NA,NA,NA,NA,NA,NA,NA,NA,NA,NA,NA,NA,NA,NA,NA,NA,NA,NA,NA,NA,NA,NA
2009-05-10,NA,NA,NA,NA,NA,NA,NA,NA,NA,NA,NA,NA,NA,NA,NA,NA,0,NA,NA,NA,NA,NA,NA,0,0,NA,NA,NA,NA,NA,NA,NA
2009-07-17,NA,NA,NA,NA,NA,0,NA,NA,NA,NA,0.76,NA,NA,NA,NA,NA,NA,NA,NA,NA,NA,NA,NA,NA,NA,NA,NA,NA,NA,NA,NA,NA
2009-09-12,NA,NA,NA,NA,NA,NA,NA,0.89,NA,NA,NA,NA,NA,NA,0.58,NA,NA,NA,NA,NA,NA,NA,NA,0.33,0.15,0,0.26,NA,NA,-0.04,NA,NA
2009-09-13,0.74,0.19,NA,NA,NA,0,NA,NA,NA,NA,NA,NA,NA,NA,NA,NA,0.48,NA,NA,NA,NA,NA,0,NA,NA,NA,NA,NA,NA,NA,-0.005,1.11
2009-09-17,NA,NA,NA,1.14,0.98,NA,1.24,NA,0.62,NA,NA,NA,NA,NA,NA,NA,NA,NA,NA,NA,NA,NA,NA,NA,NA,NA,NA,NA,NA,NA,NA,NA
2009-09-18,NA,NA,NA,NA,NA,NA,NA,NA,NA,0.58,NA,NA,NA,NA,NA,0.6,NA,0.75,NA,NA,1.32,NA,NA,NA,NA,NA,NA,NA,1,NA,NA,NA
2009-09-19,NA,NA,0.4,NA,NA,NA,NA,NA,NA,NA,NA,NA,NA,NA,NA,NA,NA,NA,NA,NA,NA,NA,NA,NA,NA,NA,NA,NA,NA,NA,NA,NA
2009-09-20,NA,NA,NA,NA,NA,NA,NA,NA,NA,NA,NA,NA,NA,NA,NA,NA,NA,NA,NA,0.105,NA,NA,NA,NA,NA,NA,NA,NA,NA,NA,NA,NA
2009-11-09,NA,NA,NA,NA,NA,NA,NA,0.66,NA,NA,NA,NA,NA,NA,0.33,NA,NA,NA,NA,NA,NA,NA,NA,0.1,0,0,0,NA,NA,0,NA,NA
2009-11-10,NA,0,NA,NA,NA,NA,NA,NA,NA,NA,NA,NA,NA,NA,NA,NA,0.15,NA,NA,NA,NA,NA,NA,NA,NA,NA,NA,NA,NA,NA,0,0.89
2009-11-12,0.47,NA,0,NA,NA,NA,NA,NA,NA,NA,NA,NA,NA,NA,NA,NA,NA,NA,NA,0,NA,NA,0,NA,NA,NA,NA,NA,NA,NA,NA,NA
2009-11-13,NA,NA,NA,NA,NA,0,NA,NA,NA,NA,NA,NA,NA,NA,NA,NA,NA,NA,NA,NA,NA,NA,NA,NA,NA,NA,NA,NA,NA,NA,NA,NA
2009-11-14,NA,NA,NA,0.9,0.8,NA,1.03,NA,0.42,NA,NA,NA,NA,NA,NA,NA,NA,NA,NA,NA,NA,NA,NA,NA,NA,NA,NA,NA,NA,NA,NA,NA
2009-11-15,NA,NA,NA,NA,NA,NA,NA,NA,NA,0.39,NA,NA,NA,NA,NA,0.39,NA,NA,NA,NA,1.14,NA,NA,NA,NA,NA,NA,NA,0.79,NA,NA,NA
2010-09-11,NA,0,NA,NA,NA,NA,NA,0.53,NA,NA,NA,NA,NA,NA,0,NA,NA,NA,NA,NA,NA,NA,NA,0.1,0,0,0,NA,NA,0,0,0.58
2010-09-12,NA,NA,NA,NA,NA,NA,NA,NA,NA,NA,NA,NA,NA,NA,NA,NA,0,NA,NA,0,NA,NA,NA,NA,NA,NA,NA,NA,NA,NA,NA,NA
2010-09-13,0.08,NA,0.125,0.66,0.46,0,0.3,NA,0.35,0.2,NA,NA,NA,NA,NA,0.03,NA,NA,NA,NA,0.34,NA,0,NA,NA,NA,NA,NA,0,NA,NA,NA
2010-11-07,NA,NA,NA,0.4,0.14,NA,0,NA,0.175,0,NA,NA,NA,NA,NA,0,NA,NA,NA,NA,0.17,NA,NA,NA,NA,NA,NA,NA,0,NA,NA,NA
2010-11-10,0,0,NA,NA,NA,0,NA,0,NA,NA,NA,NA,NA,NA,0,NA,0,NA,NA,NA,NA,NA,0,0.1,0,0,0,NA,NA,0,0,0.255
2010-11-12,NA,NA,0,NA,NA,NA,NA,NA,NA,NA,NA,NA,NA,NA,NA,NA,NA,NA,NA,0,NA,NA,NA,NA,NA,NA,NA,NA,NA,NA,NA,NA
2011-09-10,NA,NA,NA,NA,0.72,NA,NA,NA,0.46,0.41,NA,NA,NA,NA,0.361,0.31,NA,NA,NA,NA,0.73,NA,NA,NA,NA,NA,NA,NA,0.43,-0.06,NA,NA
2011-09-11,0.83,0.14,0.53,NA,NA,0,NA,0,NA,NA,NA,NA,NA,NA,NA,NA,NA,NA,NA,NA,NA,NA,0,0.16,0,0,0,NA,NA,NA,0.02,0.99
2011-09-12,NA,NA,NA,NA,NA,NA,NA,NA,NA,NA,NA,NA,NA,NA,NA,NA,0.38,NA,NA,0.04,NA,NA,NA,NA,NA,NA,NA,NA,NA,NA,NA,NA
2011-09-16,NA,NA,NA,1.04,NA,NA,0.65,NA,NA,NA,NA,NA,NA,NA,NA,NA,NA,NA,NA,NA,NA,NA,NA,NA,NA,NA,NA,NA,NA,NA,NA,NA
2011-11-05,NA,0.085,NA,NA,NA,0,NA,0,NA,NA,NA,NA,NA,NA,0.6,NA,NA,NA,NA,NA,NA,NA,0.06,0.14,0,0,0,NA,NA,-0.035,0,0.97
2011-11-06,1.34,NA,0.47,NA,NA,NA,NA,NA,NA,NA,NA,NA,NA,NA,NA,NA,0.145,NA,NA,0.105,NA,NA,NA,NA,NA,NA,NA,NA,NA,NA,NA,NA
2011-11-07,NA,NA,NA,1.54,1.04,NA,1.06,NA,NA,0.48,NA,NA,NA,NA,NA,0.28,NA,NA,NA,NA,0.85,NA,NA,NA,NA,NA,NA,NA,0.225,NA,NA,NA
2011-11-08,NA,NA,NA,NA,NA,NA,NA,NA,0.61,NA,NA,NA,NA,NA,NA,NA,NA,NA,NA,NA,NA,NA,NA,NA,NA,NA,NA,NA,NA,NA,NA,NA
2012-03-12,NA,NA,NA,NA,NA,0,NA,NA,NA,NA,NA,NA,NA,NA,NA,NA,NA,NA,NA,NA,NA,NA,NA,NA,NA,NA,NA,NA,NA,NA,NA,NA
2012-03-13,NA,NA,NA,NA,1.08,NA,NA,NA,NA,NA,NA,NA,NA,NA,0.09,NA,NA,NA,NA,NA,NA,NA,0,NA,NA,NA,NA,NA,NA,NA,NA,NA
2012-03-14,NA,NA,NA,NA,NA,NA,NA,NA,NA,NA,NA,NA,NA,NA,NA,NA,NA,NA,NA,NA,0.68,NA,NA,NA,NA,NA,NA,NA,0,NA,NA,NA
2012-09-08,NA,NA,NA,1.04,0.99,NA,NA,NA,0.47,0.29,NA,NA,NA,NA,NA,0.13,NA,NA,NA,NA,0.6,NA,NA,NA,NA,NA,NA,NA,0.01,NA,NA,NA
2012-09-09,NA,NA,NA,NA,NA,NA,1.49,NA,NA,NA,NA,NA,NA,NA,NA,NA,0.14,NA,NA,NA,NA,NA,NA,NA,NA,NA,NA,NA,NA,NA,NA,NA
2012-09-10,0.39,NA,0.31,NA,NA,NA,NA,NA,NA,NA,NA,NA,NA,NA,NA,NA,NA,NA,NA,0,NA,NA,0,NA,NA,NA,NA,NA,NA,NA,NA,NA
2012-09-12,NA,0.09,NA,NA,NA,0,NA,NA,NA,NA,NA,NA,NA,NA,NA,NA,NA,NA,NA,NA,NA,NA,NA,NA,NA,NA,NA,NA,NA,NA,0,0.24
2012-09-13,NA,NA,NA,NA,NA,NA,NA,0,NA,NA,NA,NA,NA,NA,0.08,NA,NA,NA,NA,NA,NA,NA,NA,0.1,0,0,0,NA,NA,0,NA,NA
2012-11-03,NA,NA,NA,0.89,0.79,NA,1.31,NA,NA,0.16,NA,NA,NA,NA,NA,0,NA,NA,NA,NA,0.44,NA,NA,NA,NA,NA,NA,NA,0,NA,NA,NA
2012-11-04,NA,0,NA,NA,NA,NA,NA,0,0.18,NA,NA,NA,NA,NA,0,NA,NA,NA,NA,NA,NA,NA,NA,0,0,0,0,NA,NA,0,0,0
2012-11-07,0.2,NA,NA,NA,NA,NA,NA,NA,NA,NA,NA,NA,NA,NA,NA,NA,0,NA,NA,NA,NA,NA,0,NA,NA,NA,NA,NA,NA,NA,NA,NA
2012-11-08,NA,NA,0.37,NA,NA,NA,NA,NA,NA,NA,NA,NA,NA,NA,NA,NA,NA,NA,NA,0,NA,NA,NA,NA,NA,NA,NA,NA,NA,NA,NA,NA
2013-09-16,NA,NA,NA,NA,NA,1.18,NA,NA,NA,NA,NA,NA,NA,NA,NA,NA,NA,NA,NA,NA,NA,NA,NA,NA,NA,NA,NA,NA,NA,NA,NA,NA
2013-09-18,1.26,NA,0.26,NA,NA,NA,NA,NA,NA,NA,NA,NA,NA,NA,NA,NA,0.57,NA,NA,NA,NA,NA,0.12,NA,NA,NA,NA,NA,NA,NA,NA,NA
2013-09-19,NA,NA,NA,NA,NA,NA,NA,NA,NA,NA,NA,NA,NA,NA,NA,NA,NA,NA,NA,0.21,NA,NA,NA,NA,NA,NA,NA,NA,NA,NA,NA,NA
2013-09-20,NA,NA,NA,1.47,0.81,NA,0.99,NA,0.46,0.34,NA,NA,NA,NA,NA,0.3,NA,NA,NA,NA,0.59,NA,NA,NA,NA,NA,NA,NA,0.16,NA,NA,NA
2013-09-21,NA,0.67,NA,NA,NA,NA,NA,0.42,NA,NA,NA,NA,NA,NA,0.31,NA,NA,NA,NA,NA,NA,NA,NA,0.05,0,0,0,NA,NA,-0.06,0.04,1.57
2013-11-04,0.99,NA,NA,NA,NA,NA,NA,NA,NA,NA,NA,NA,NA,NA,NA,NA,0.41,NA,NA,NA,NA,NA,0,NA,NA,NA,NA,NA,NA,NA,NA,NA
2013-11-05,NA,NA,0,NA,NA,NA,NA,NA,NA,NA,NA,NA,NA,NA,NA,NA,NA,NA,NA,0,NA,NA,NA,NA,NA,NA,NA,NA,NA,NA,NA,NA
2013-11-10,NA,NA,NA,NA,NA,NA,NA,NA,NA,0.28,NA,NA,NA,NA,NA,0.19,NA,NA,NA,NA,0.54,NA,NA,NA,NA,NA,NA,NA,0,NA,NA,NA
2013-11-11,NA,0.46,NA,NA,NA,0.97,NA,0,NA,NA,NA,NA,NA,NA,0.28,NA,NA,NA,NA,NA,NA,NA,NA,0.045,0,0,0,NA,NA,0,0,1.4
2013-11-15,NA,NA,NA,0.95,0.73,NA,0.87,NA,0.38,NA,NA,NA,NA,NA,NA,NA,NA,NA,NA,NA,NA,NA,NA,NA,NA,NA,NA,NA,NA,NA,NA,NA
2014-09-13,NA,NA,NA,0.92,NA,NA,0.81,NA,NA,0.32,NA,NA,NA,NA,NA,0.32,NA,NA,NA,NA,0.43,NA,NA,NA,NA,NA,NA,NA,0.14,NA,NA,NA
2014-09-14,NA,0.09,NA,NA,1.21,NA,NA,0.89,0.55,NA,NA,NA,NA,NA,0.54,NA,NA,NA,NA,NA,NA,NA,NA,0.23,0.1,0,0,NA,NA,-0.02,0,1.31
2014-09-15,1.08,NA,NA,NA,NA,0.98,NA,NA,NA,NA,NA,NA,NA,NA,NA,NA,NA,NA,NA,NA,NA,NA,0.06,NA,NA,NA,NA,NA,NA,NA,NA,NA
2014-09-18,NA,NA,NA,NA,NA,NA,NA,NA,NA,NA,NA,NA,NA,NA,NA,NA,0.9,NA,NA,NA,NA,NA,NA,NA,NA,NA,NA,NA,NA,NA,NA,NA
2014-09-19,NA,NA,NA,NA,NA,NA,NA,NA,NA,NA,NA,NA,NA,NA,NA,NA,NA,NA,NA,0.105,NA,NA,NA,NA,NA,NA,NA,NA,NA,NA,NA,NA
2014-09-21,NA,NA,0,NA,NA,NA,NA,NA,NA,NA,NA,NA,NA,NA,NA,NA,NA,NA,NA,NA,NA,NA,NA,NA,NA,NA,NA,NA,NA,NA,NA,NA
2014-11-01,NA,NA,NA,1.01,NA,NA,1.36,NA,NA,0.28,NA,NA,NA,NA,NA,0.2,NA,NA,NA,NA,0.33,NA,NA,NA,NA,NA,NA,NA,0,NA,NA,NA
2014-11-02,NA,0.005,NA,NA,1.47,NA,NA,0.74,0.75,NA,NA,NA,NA,NA,0.39,NA,NA,NA,NA,NA,NA,NA,NA,0,0,0,0,NA,NA,0,0,1.23
2014-11-03,NA,NA,NA,NA,NA,0.85,NA,NA,NA,NA,NA,NA,NA,NA,NA,NA,NA,NA,NA,NA,NA,NA,NA,NA,NA,NA,NA,NA,NA,NA,NA,NA
2014-11-08,0.85,NA,0,NA,NA,NA,NA,NA,NA,NA,NA,NA,NA,NA,NA,NA,0.79,NA,NA,0,NA,NA,0,NA,NA,NA,NA,NA,NA,NA,NA,NA
2015-09-12,NA,NA,NA,0.66,NA,NA,0.56,NA,NA,0.14,NA,NA,NA,NA,NA,0.025,NA,NA,NA,NA,0.24,NA,NA,NA,NA,NA,NA,NA,0,NA,NA,NA
2015-09-13,NA,0.09,NA,NA,0.7,NA,NA,0.5,0.36,NA,NA,NA,NA,NA,0.17,NA,NA,NA,NA,NA,NA,NA,NA,0.24,0.05,0,0,NA,NA,0,0,0.7
2015-09-14,1.1,NA,1.02,NA,NA,0,NA,NA,NA,NA,NA,NA,NA,NA,NA,NA,0.3,NA,NA,0.23,NA,NA,0.05,NA,NA,NA,NA,NA,NA,NA,NA,NA
2015-11-09,NA,NA,NA,0.43,NA,NA,0.37,NA,NA,0.05,NA,NA,NA,NA,NA,0,NA,NA,NA,NA,0.05,NA,NA,NA,NA,NA,NA,NA,0,NA,NA,NA
2015-11-10,NA,0,NA,NA,0.48,0,NA,0,0.24,NA,NA,NA,NA,NA,0.09,NA,0.14,NA,NA,0.105,NA,NA,NA,0.11,0,0,0,NA,NA,0,0,0.48
2015-11-11,0.78,NA,0.81,NA,NA,NA,NA,NA,NA,NA,NA,NA,NA,NA,NA,NA,NA,NA,NA,NA,NA,NA,0,NA,NA,NA,NA,NA,NA,NA,NA,NA
2016-01-25,NA,NA,NA,NA,NA,NA,NA,NA,NA,NA,NA,NA,NA,NA,NA,0.02,NA,NA,NA,NA,NA,NA,NA,NA,NA,NA,NA,NA,0.78,NA,NA,NA
